종목명,현재가,배당금,수익률,배당성향,ROE,PER,PBR,배당금_1년전,배당금_2년전,배당금_3년전
티에이치엔,"2,955",60,2.03,6.26,33.47,3.82,1.04,50,50,55
KG케미칼,"14,400",350,2.43,4.66,32.69,1.59,0.45,350,350,350
신풍제지,"1,380",60,4.35,8.47,32.25,2.66,0.60,80,0,0
코웨이,"76,400","2,400",3.14,52.05,30.74,20.64,6.24,"3,600","3,200","3,200"
사조대림,"14,600",150,1.03,1.34,30.57,1.52,0.37,150,150,100
시디즈,"50,400",300,0.60,6.45,27.34,11.32,2.32,300,0,0
동양고속,"26,300","4,700",17.87,38.41,26.85,2.41,0.55,"1,000",635,153
BGF리테일,"129,000","2,700",2.09,30.81,26.46,19.35,4.70,"2,680","1,000",-
지누스,"85,900","1,250",1.46,13.87,26.32,16.38,3.36,0,0,0
동남합성,"30,700",200,0.65,4.06,26.23,5.05,1.21,"1,240",73,73
에이리츠,"6,590",415,6.30,19.99,25.42,3.38,0.78,308,96,592
F&F,"85,100","1,000",1.17,13.92,25.13,15.65,3.56,650,650,350
휠라홀딩스,"36,250",219,0.60,4.99,23.80,12.14,2.58,50,50,50
두산,"38,450","5,200",13.52,23.78,23.52,3.86,0.80,"5,200","5,100","5,100"
두산2우B,"67,900","5,200",7.66,23.78,23.52,3.86,0.80,"5,200","5,100","5,100"
두산우,"34,500","5,250",15.22,23.78,23.52,3.86,0.80,"5,250","5,150","5,150"
삼양식품,"126,500",800,0.63,10.12,23.14,11.37,2.39,400,250,150
대림건설,"30,400",400,1.32,6.38,23.04,3.17,0.66,250,0,0
효성ITX,"23,200",500,2.15,55.68,21.77,19.16,3.89,500,500,200
한일현대시멘트,"28,100","1,000",3.56,40.71,21.69,12.39,2.50,800,0,0
한전산업,"3,285",227,6.91,42.78,21.46,6.60,1.33,169,198,218
효성화학,"109,500","5,000",4.57,18.09,21.37,5.25,1.01,"1,000",-,-
한국쉘석유,"234,500","16,000",6.82,98.92,21.30,19.97,4.29,"19,000","17,000","19,000"
삼화콘덴서,"57,200",250,0.44,8.65,21.24,18.34,3.51,300,150,50
한솔케미칼,"149,000","1,500",1.01,19.24,20.88,13.85,2.62,"1,200","1,000","1,000"
효성티앤씨,"120,500","2,000",1.66,9.27,20.86,7.18,1.36,"1,000",-,-
까뮤이앤씨,"1,325",30,2.26,9.85,20.68,4.25,0.79,20,20,15
한미글로벌,"7,200",200,2.78,8.93,20.64,4.71,0.81,200,250,300
LG생활건강우,"710,000","11,050",1.56,23.70,20.32,28.71,5.10,"9,300","9,050","7,550"
LG생활건강,"1,345,000","11,000",0.82,23.70,20.32,28.71,5.10,"9,250","9,000","7,500"
HDC현대산업개발,"21,100",438,2.07,5.31,20.30,2.89,0.53,438,-,-
호텔신라우,"62,900",400,0.64,7.83,20.16,21.40,3.74,400,400,400
호텔신라,"71,300",350,0.49,7.83,20.16,21.40,3.74,350,350,350
화승엔터프라이즈,"10,950",45,0.41,4.36,19.87,16.43,2.94,35,18,18
화승인더,"7,140",45,0.63,4.12,19.66,11.17,1.94,40,25,25
더블유게임즈,"75,200",350,0.47,5.35,18.93,8.25,1.30,350,350,650
JW생명과학,"18,500",500,2.70,36.09,18.92,14.29,2.56,500,500,300
더존비즈온,"105,000",470,0.45,30.32,18.78,48.54,6.95,450,400,290
샘표식품,"44,600",200,0.45,3.41,18.57,5.79,0.99,200,200,200
한국금융지주우,"36,150","2,962",8.19,20.08,18.14,5.28,0.84,"1,862","1,662",862
한국금융지주,"48,650","2,900",5.96,20.08,18.14,5.28,0.84,"1,800","1,600",800
진양산업,"3,755",200,5.33,38.11,17.84,7.60,1.26,100,125,175
DB하이텍1우,"65,800",400,0.61,14.53,17.40,11.74,1.86,300,300,0
DB하이텍,"31,350",350,1.12,14.53,17.40,11.74,1.86,250,250,0
키움증권,"103,000","2,000",1.94,15.92,16.97,5.56,0.89,"1,500","1,300",850
계룡건설,"16,100",600,3.73,7.43,16.94,2.53,0.40,500,0,0
쿠쿠홈시스,"34,550",560,1.62,4.75,16.10,14.95,2.23,560,0,-
한국항공우주,"24,450",400,1.64,22.88,15.84,19.48,2.91,200,0,680
동부건설우,"34,550",750,2.17,25.82,15.30,3.05,0.45,350,0,0
동부건설,"11,150",700,6.28,25.82,15.30,3.05,0.45,300,0,0
메리츠금융지주,"9,010",550,6.10,18.61,15.26,4.15,0.58,470,520,300
한신공영,"12,250",350,2.86,5.64,15.21,2.38,0.34,375,375,250
AJ네트웍스,"3,400",300,8.82,30.56,15.18,5.06,0.73,100,86,60
제일기획,"17,950",820,4.57,60.16,15.09,20.04,2.57,770,760,300
메리츠증권,"3,285",200,6.09,24.73,15.06,4.86,0.64,200,200,200
한온시스템,"9,700",320,3.30,53.63,14.98,18.69,2.68,320,305,225
한전KPS,"29,700","1,920",6.47,56.35,14.98,11.49,1.66,"1,790","1,470",680
롯데정보통신,"34,800",700,2.01,19.40,14.77,11.21,1.60,650,0,-
미원상사,"75,900",654,0.86,10.64,14.74,9.25,1.29,770,0,0
엔씨소프트,"880,000","5,220",0.59,30.03,14.72,33.15,4.46,"6,050","7,280","3,820"
다우기술,"22,500",400,1.78,9.34,14.62,4.60,0.62,350,300,250
한국자산신탁,"2,945",182,6.18,24.83,14.28,4.66,0.62,166,151,137
신대양제지,"56,800",625,1.10,4.51,14.26,4.30,0.57,750,375,0
오리온,"138,000",600,0.44,11.00,14.24,19.35,2.57,600,600,-
신세계,"215,500","2,000",0.93,3.74,14.24,5.40,0.72,"2,000","1,250","1,250"
삼양통상,"55,600","1,000",1.80,6.46,14.22,4.07,0.52,750,750,750
디씨엠,"10,700",500,4.67,19.79,14.18,6.06,0.65,250,460,400
미원화학,"52,900","1,000",1.89,14.95,14.07,7.23,0.88,"1,000","1,000","1,000"
대원제약,"17,300",253,1.46,18.45,14.05,12.47,1.64,245,234,227
크라운제과우,"8,280",252,3.04,17.55,14.02,6.10,0.81,252,252,-
크라운제과,"8,910",250,2.81,17.55,14.02,6.10,0.81,250,250,-
자이에스앤디,"5,950",100,1.68,21.54,13.56,8.47,1.05,0,0,270
케이씨텍,"22,900",200,0.87,10.76,13.52,12.57,1.61,270,180,-
하나제약,"21,500",460,2.14,25.56,13.30,12.91,1.61,280,248,105
드림텍,"11,250",160,1.42,40.13,13.24,16.11,1.85,0,0,0
대상홀딩스,"8,240",200,2.43,10.29,13.07,3.46,0.43,190,180,170
대상홀딩스우,"6,380",210,3.29,10.29,13.07,3.46,0.43,200,190,180
신세계인터내셔날,"155,500","1,100",0.71,10.62,12.98,21.19,2.62,850,600,600
아주캐피탈,"11,650",650,5.58,36.05,12.97,7.05,0.86,480,"1,653",350
애경산업,"22,900",450,1.97,28.54,12.86,17.97,2.21,450,350,200
메리츠화재,"13,000",850,6.54,31.54,12.80,6.75,0.82,820,"1,140",830
유나이티드제약,"25,250",330,1.31,15.83,12.79,9.62,1.07,330,300,250
한국토지신탁,"1,760",110,6.25,24.30,12.72,4.91,0.57,110,100,75
유니퀘스트,"10,750",150,1.39,15.71,12.68,7.14,0.83,100,100,80
SK디앤디,"31,950",600,1.88,25.37,12.66,12.31,1.53,600,600,353
GKL,"12,950",659,5.09,56.31,12.62,16.62,2.06,710,730,"1,000"
HDC,"8,750",200,2.29,4.48,12.58,2.57,0.29,150,"1,000",700
KT&G,"82,400","4,400",5.34,53.74,12.39,12.42,1.37,"4,000","4,000","3,600"
케이씨,"22,200",250,1.13,6.17,12.38,5.01,0.52,220,180,150
쿠쿠홀딩스,"83,200","3,000",3.61,23.48,12.38,9.40,0.97,"3,000","4,100","3,100"
LS전선아시아,"6,700",180,2.69,34.40,12.07,15.33,1.75,160,160,150
디와이파워,"10,200",200,1.96,11.57,12.03,5.84,0.67,200,180,120
조선선재,"107,500","1,500",1.39,12.43,12.02,8.11,0.79,"1,500","1,500","1,500"
보령제약,"15,700",100,0.64,13.05,11.96,22.77,2.47,60,160,38
종근당,"121,500",857,0.71,17.22,11.94,19.60,2.22,817,778,778
동성화학,"16,300",600,3.68,23.84,11.92,7.30,0.82,500,300,500
금호석유우,"33,450","1,550",4.63,13.87,11.84,8.81,0.82,"1,400","1,050",850
금호석유,"87,500","1,500",1.71,13.87,11.84,8.81,0.82,"1,350","1,000",800
GS건설,"27,250","1,000",3.67,17.91,11.79,5.59,0.62,"1,000",300,0
삼성에스디에스,"180,500","2,400",1.33,25.21,11.76,20.44,2.30,"2,000","2,000",750
대림산업,"88,900","1,300",1.46,7.57,11.74,5.25,0.59,"1,700","1,000",300
대림산업우,"40,000","1,350",3.38,7.57,11.74,5.25,0.59,"1,750","1,050",350
롯데정밀화학,"45,800","1,700",3.71,25.72,11.73,6.92,0.77,"1,700",800,300
현대오토에버,"38,800",710,1.83,26.66,11.71,18.85,2.08,690,690,690
삼호개발,"4,355",190,4.36,20.92,11.65,5.16,0.55,160,160,130
동아에스티,"89,100","1,000",1.12,11.90,11.58,14.17,1.55,"1,000",500,500
포스코케미칼,"76,400",400,0.52,24.14,11.57,29.46,3.01,400,350,300
SK디스커버리,"35,250",700,1.99,7.95,11.52,2.96,0.32,600,750,350
SK디스커버리우,"27,200",750,2.76,7.95,11.52,2.96,0.32,650,800,400
디티알오토모티브,"24,150","1,500",6.21,19.90,11.50,4.46,0.43,"1,000",700,350
한솔로지스틱스,"1,770",40,2.26,18.60,11.44,7.14,0.90,30,24,16
에스원,"87,700","2,500",2.85,57.64,11.32,24.28,2.39,"2,500","2,500","1,250"
현대글로비스,"114,000","3,500",3.07,26.13,11.25,10.68,1.15,"3,300","3,000","3,000"
대상,"26,100",600,2.30,20.17,11.17,7.79,0.83,550,500,400
대상우,"13,650",610,4.47,20.17,11.17,7.79,0.83,560,510,410
지투알,"4,975",300,6.03,31.87,11.17,7.11,0.74,250,250,250
서흥,"55,900",400,0.72,14.02,11.14,12.95,1.34,350,300,330
미원홀딩스,"46,800",400,0.86,6.07,11.03,6.24,0.65,400,0,550
아세아제지,"28,250",600,2.12,8.75,10.99,4.37,0.46,750,450,500
휴켐스,"16,300","1,000",6.14,54.54,10.82,12.29,1.24,"1,200","1,500",500
한독,"31,450",275,0.87,10.84,10.78,8.93,0.91,450,265,125
코오롱글로벌,"9,440",350,3.71,18.23,10.74,5.07,0.53,100,150,150
코오롱글로벌우,"24,450",400,1.64,18.23,10.74,5.07,0.53,150,200,350
NAVER,"276,000",376,0.14,9.38,10.56,52.72,4.67,314,289,226
동서,"17,850",700,3.92,50.44,10.53,12.67,1.28,700,700,670
한국콜마홀딩스,"30,400",195,0.64,9.40,10.51,10.09,0.98,195,185,155
코스맥스,"96,600",900,0.93,28.41,10.45,25.23,2.34,600,300,"1,000"
대웅,"22,550",100,0.44,6.92,10.43,12.06,0.89,100,100,100
JB금융지주,"4,830",300,6.21,17.05,10.36,3.16,0.31,180,100,50
동아지질,"15,300",200,1.31,11.87,10.33,11.56,1.12,200,200,200
삼영무역,"13,350",334,2.50,16.80,10.32,8.19,0.80,268,245,245
삼양패키징,"17,750",750,4.22,37.55,10.29,7.88,0.78,500,0,0
황금에스티,"6,040",100,1.66,5.57,10.22,3.90,0.38,50,100,75
삼성전기우,"59,200","1,150",1.94,16.19,10.18,18.86,1.79,"1,050",800,550
삼성전기,"131,000","1,100",0.84,16.19,10.18,18.86,1.79,"1,000",750,500
종근당홀딩스,"119,000","1,300",1.09,14.46,10.03,11.24,1.08,"1,300",900,"1,400"
동원F&B,"185,500","3,000",1.62,17.63,10.00,13.28,1.28,"3,000","2,500","2,500"
씨에스윈드,"59,000",460,0.78,22.33,9.92,20.59,1.73,400,350,200
이노션,"47,600","1,500",3.15,40.75,9.88,19.26,1.86,"1,500","1,000",950
유니드,"41,250","1,200",2.91,15.79,9.87,6.15,0.58,"1,100","1,100","1,100"
SK가스,"78,100","2,971",3.80,16.71,9.85,4.92,0.46,"2,943","2,526","2,502"
영원무역,"25,150",400,1.59,10.55,9.82,9.13,0.82,350,300,250
고려아연,"368,000","14,000",3.80,39.09,9.76,12.67,1.12,"11,000","10,000","8,500"
동양피스톤,"5,220",120,2.30,15.62,9.72,6.53,0.58,120,100,0
화승알앤에이,"1,645",25,1.52,6.65,9.62,5.93,0.50,25,25,50
영원무역홀딩스,"34,900","1,000",2.87,9.59,9.60,5.43,0.41,800,600,500
경동나비엔,"52,200",300,0.57,13.60,9.59,21.31,1.96,250,200,150
코리아오토글라스,"14,800",900,6.08,54.50,9.36,9.78,0.90,800,700,400
KTB투자증권,"2,595",150,5.78,58.50,9.18,3.30,0.29,0,0,0
강원랜드,"24,400",900,3.69,54.52,9.16,18.92,1.61,900,990,990
NH투자증권우,"7,420",550,7.41,31.70,9.12,8.02,0.71,550,550,450
NH투자증권,"8,870",500,5.64,31.70,9.12,8.02,0.71,500,500,400
신한지주,"29,750","1,850",6.22,25.97,9.09,6.19,0.53,"1,600","1,450","1,450"
교보증권,"6,790",400,5.89,16.73,9.06,3.98,0.33,350,300,170
해성디에스,"18,650",350,1.88,32.46,9.06,14.65,1.29,300,300,250
한창제지,"2,080",20,0.96,16.18,9.05,24.75,2.12,20,20,0
KPX케미칼,"46,000","2,500",5.43,29.17,9.04,6.60,0.57,"2,000","2,000","2,000"
KB금융,"35,650","2,210",6.20,26.00,8.92,6.01,0.48,"1,920","1,920","1,250"
신세계건설,"21,300",800,3.76,18.27,8.91,6.01,0.53,750,750,500
태경산업,"4,810",370,7.69,51.77,8.91,8.08,0.70,220,200,200
한미반도체,"9,810",100,1.02,26.08,8.85,24.06,1.85,250,240,200
KSS해운,"8,520",270,3.17,26.13,8.79,7.72,0.62,230,230,170
S&T홀딩스,"15,500",500,3.23,12.12,8.78,4.03,0.31,400,194,340
하나금융지주,"28,000","2,100",7.50,25.78,8.77,4.63,0.38,"1,900","1,550","1,050"
극동유화,"3,090",160,5.18,37.53,8.75,8.37,0.69,160,160,115
삼성전자,"54,400","1,416",2.60,44.73,8.69,17.63,1.49,"1,416",850,570
삼성전자우,"47,100","1,417",3.01,44.73,8.69,17.63,1.49,"1,417",851,571
동원시스템즈,"22,200",500,2.25,33.69,8.69,19.94,1.66,500,500,250
동원시스템즈우,"30,850",550,1.78,33.69,8.69,19.94,1.66,550,550,300
태경케미컬,"6,290",150,2.38,17.46,8.67,6.20,0.51,150,150,150
대현,"1,920",100,5.21,26.61,8.65,6.64,0.55,80,50,50
애경유화,"6,710",350,5.22,36.21,8.62,8.61,0.71,350,350,300
한농화성,"4,760",150,3.15,22.99,8.58,6.67,0.54,120,140,110
광명전기,"1,915",15,0.78,8.11,8.53,12.33,1.01,0,0,0
일진머티리얼즈,"50,500",50,0.10,4.92,8.52,42.08,3.45,0,650,48
태영건설,"16,950",150,0.88,11.70,8.38,10.38,0.73,125,90,0
태영건설우,"12,800",155,1.21,11.70,8.38,10.38,0.73,130,95,0
한섬,"34,700",450,1.30,11.60,8.37,9.11,0.66,400,350,300
한익스프레스,"4,980",70,1.41,14.63,8.30,9.21,0.74,60,80,70
송원산업,"13,350",150,1.12,10.36,8.24,10.74,0.86,160,140,140
케이탑리츠,772,24,3.16,20.72,8.22,8.13,0.65,19,19,18
사조오양,"8,560",100,1.17,7.13,8.18,5.40,0.43,50,120,100
삼성증권,"29,250","1,700",5.81,38.74,8.15,8.80,0.70,"1,400","1,000",630
한화시스템,"8,940",310,3.47,46.88,8.15,14.67,1.18,155,"1,800",0
대창단조,"26,650","1,100",4.13,20.73,8.12,5.71,0.43,700,700,910
일진다이아,"56,600",300,0.53,37.56,8.06,31.19,2.21,241,241,96
코리안리,"7,400",500,6.76,30.44,8.04,5.81,0.43,275,300,325
스카이라이프,"7,660",350,4.57,30.51,8.02,7.64,0.59,350,350,415
넥센타이어,"5,370",105,1.96,9.14,7.94,8.04,0.60,100,100,100
넥센타이어1우B,"2,325",110,4.73,9.14,7.94,8.04,0.60,105,105,105
한솔PNS,"1,405",25,1.78,16.23,7.94,11.26,0.87,15,15,15
현대차증권,"9,190",600,6.53,29.98,7.93,4.33,0.39,450,400,400
퍼시스,"28,600","1,000",3.50,27.77,7.86,9.99,0.63,"1,000",800,700
한양증권,"8,000",350,4.38,20.96,7.85,4.69,0.35,250,350,350
한양증권우,"12,600",400,3.17,20.96,7.85,4.69,0.35,300,400,400
제일연마,"6,360",220,3.46,25.79,7.84,12.16,0.69,200,180,160
LS ELECTRIC,"52,800","1,200",2.27,33.88,7.82,15.77,1.18,"1,200","1,100",800
오뚜기,"567,000","7,500",1.32,26.27,7.79,20.63,1.47,"7,500","7,000","6,800"
샘표,"57,200",200,0.35,3.68,7.75,9.71,0.56,200,200,200
세방전지,"29,800",500,1.68,8.77,7.70,6.66,0.49,500,400,350
한세예스24홀딩스,"4,000",250,6.25,48.71,7.58,14.65,1.07,220,220,160
부산가스,"36,000","1,000",2.78,20.44,7.57,8.03,0.53,500,500,500
미래에셋대우2우B,"3,970",260,6.55,27.63,7.56,9.31,0.58,220,0,0
미래에셋대우,"7,910",260,3.29,27.63,7.56,9.31,0.58,220,220,50
미래에셋대우우,"4,710",286,6.07,27.63,7.56,9.31,0.58,242,242,55
만도,"24,750",550,2.22,23.30,7.55,14.96,1.09,500,200,"1,000"
한국수출포장,"18,700",600,3.21,13.32,7.51,4.40,0.32,600,500,500
경동도시가스,"16,750",875,5.22,21.00,7.45,5.10,0.37,700,600,-
광주신세계,"138,500","3,500",2.53,11.68,7.44,5.50,0.39,"3,000","1,250","1,250"
영풍,"489,500","10,000",2.04,7.38,7.40,5.10,0.34,"10,000","10,000","10,000"
기업은행,"8,200",670,8.17,23.83,7.36,4.93,0.35,690,617,480
빙그레,"62,800","1,450",2.31,31.22,7.36,13.44,0.87,"1,350","1,250","1,250"
한샘,"110,500","1,200",1.09,49.52,7.32,34.26,1.85,"1,200","1,200","1,100"
DGB금융지주,"5,300",410,7.74,21.18,7.31,3.68,0.26,360,340,300
한미약품,"249,000",490,0.20,11.07,7.30,67.39,4.82,481,471,0
두올,"3,990",80,2.01,21.49,7.28,8.59,0.59,80,67,77
현대모비스,"220,500","4,000",1.81,16.37,7.28,10.73,0.74,"4,000","3,500","3,500"
에스엘,"12,900",400,3.10,21.65,7.25,9.45,0.62,400,400,260
부산산업,"132,500",250,0.19,6.79,7.20,39.50,2.76,250,250,250
우성사료,"3,185",15,0.47,3.24,7.16,7.62,0.44,0,25,25
DB금융투자,"3,620",250,6.91,21.34,7.15,3.70,0.25,250,100,0
디피씨,"18,400",80,0.44,27.91,7.12,20.20,1.25,70,70,70
BNK금융지주,"5,180",360,6.95,20.87,7.07,4.44,0.30,300,230,230
포스코인터내셔널,"14,100",700,4.97,41.24,7.06,10.99,0.75,600,500,500
두산밥캣,"25,550","1,200",4.70,44.21,7.05,12.65,0.87,900,800,700
삼화전기,"19,300",100,0.52,21.76,7.03,33.51,2.31,100,70,50
쌍용양회,"4,960",420,8.47,161.94,7.02,21.86,1.59,370,214,32
쌍용양회우,"14,800",430,2.90,161.94,7.02,21.86,1.59,380,224,42
태평양물산,"1,835",30,1.63,12.45,6.99,11.77,0.71,20,0,0
도화엔지니어링,"8,130",250,3.08,48.20,6.94,17.32,1.18,220,190,170
DB손해보험,"47,950","1,500",3.13,25.14,6.92,9.81,0.56,"2,000","2,300","1,650"
한솔제지,"14,800",600,4.05,35.65,6.92,8.59,0.58,600,600,700
국도화학,"38,550","1,500",3.89,24.12,6.89,7.90,0.51,"1,500","1,500","1,200"
대한제강,"6,560",200,3.05,14.92,6.73,4.93,0.29,150,300,330
선진,"10,400",50,0.48,5.56,6.72,10.45,0.70,50,0,46
BYC,"205,500","1,100",0.54,3.34,6.60,7.15,0.45,"1,000",850,800
BYC우,"115,500","1,150",1.00,3.34,6.60,7.15,0.45,"1,050",900,850
경인양행,"9,210",50,0.54,14.56,6.57,22.44,1.44,50,50,50
기아차,"36,800","1,150",3.12,25.24,6.50,9.83,0.61,900,800,"1,100"
금비,"57,800","1,700",2.94,21.02,6.48,9.81,0.50,"1,700","1,500","1,800"
유성기업,"2,460",200,8.13,29.50,6.47,3.97,0.25,100,120,120
한국콜마,"45,350",330,0.73,25.99,6.39,36.78,2.29,330,300,250
대덕,"6,630",300,4.53,32.33,6.38,13.16,0.70,300,300,300
대덕1우,"6,550",305,4.66,32.33,6.38,13.16,0.70,305,0,0
아세아,"71,500","1,750",2.45,6.90,6.37,4.70,0.25,"1,750","1,500","1,500"
모두투어리츠,"2,780",168,6.04,48.23,6.36,8.98,0.56,82,76,109
SPC삼립,"70,600","1,104",1.56,29.22,6.34,37.25,2.19,"1,004",956,956
신일전자,"1,860",20,1.08,32.78,6.32,30.66,1.88,25,20,15
LG유플러스,"12,250",400,3.27,39.80,6.30,14.13,0.88,400,400,350
현대건설우,"222,000",650,0.29,16.41,6.30,11.57,0.71,550,550,550
LG유플러스,"12,250",400,3.27,39.80,6.30,14.13,0.88,400,400,350
삼익악기,"1,495",50,3.34,30.60,6.27,12.30,0.69,50,50,50
GS,"36,000","1,900",5.28,33.08,6.26,8.98,0.55,"1,900","1,800","1,600"
GS우,"29,050","1,950",6.71,33.08,6.26,8.98,0.55,"1,950","1,850","1,650"
GS리테일,"36,700",750,2.04,43.38,6.25,22.70,1.39,650,600,"1,100"
CJ,"87,800","1,850",2.11,23.26,6.24,12.90,0.69,"1,450","1,450","1,350"
CJ우,"44,750","1,900",4.25,23.26,6.24,12.90,0.69,523,523,488
CJ4우(전환),"60,900","1,850",3.04,23.26,6.24,12.90,0.69,0,0,0
현대해상,"23,850",880,3.69,26.07,6.23,8.95,0.48,"1,130","1,500","1,350"
조흥,"154,500","6,000",3.88,45.89,6.15,11.43,0.69,"6,000","6,000","5,000"
대한유화,"124,500","2,500",2.01,14.52,6.11,7.18,0.41,"4,000","4,000","4,000"
아이에스동서,"39,100",700,1.79,32.70,6.10,15.40,0.93,"1,200","1,100","1,000"
한국타이어앤테크놀로지,"25,700",550,2.14,16.24,6.03,9.91,0.58,450,400,400
경방,"11,500",125,1.09,7.57,6.02,5.83,0.33,125,180,180
노루페인트우,"13,750",280,2.04,29.79,6.00,8.82,0.52,255,255,205
노루페인트,"7,560",275,3.64,29.79,6.00,8.82,0.52,250,250,200
넥센,"4,000",80,2.00,7.61,5.96,5.84,0.33,75,75,75
넥센우,"3,060",85,2.78,7.61,5.96,5.84,0.33,80,80,80
현대코퍼레이션홀딩스,"9,770",500,5.12,42.26,5.93,10.58,0.58,500,500,400
NI스틸,"2,090",50,2.39,22.28,5.91,9.85,0.57,50,50,50
태림포장,"3,490",290,8.31,107.38,5.88,16.19,0.96,233,8,8
인천도시가스,"24,200","1,250",5.16,48.12,5.87,11.73,0.64,"1,250","1,250","1,250"
LG,"72,200","2,200",3.05,35.82,5.86,12.02,0.69,"2,000","1,300","1,300"
LG우,"47,550","2,250",4.73,35.82,5.86,12.02,0.69,"2,050","1,350","1,350"
DSR,"4,000",50,1.25,9.15,5.83,8.40,0.48,50,50,50
부국증권,"19,250","1,200",6.23,39.42,5.80,10.14,0.38,"1,200","1,200","1,200"
부국증권우,"17,700","1,250",7.06,39.42,5.80,10.14,0.38,"1,250","1,250","1,250"
제주은행,"3,095",100,3.23,11.50,5.76,4.66,0.26,100,99,99
한국카본,"8,470",120,1.42,27.81,5.74,19.45,1.03,100,100,130
삼진제약,"27,500",800,2.91,87.23,5.69,30.74,1.55,800,800,700
LF,"12,200",500,4.10,21.61,5.65,8.00,0.44,500,500,500
SK증권,885,10,1.13,14.96,5.62,9.26,0.50,10,0,0
SK증권우,"7,070",15,0.21,14.96,5.62,9.26,0.50,15,0,0
KTis,"2,080",90,4.33,33.08,5.60,8.70,0.46,80,80,80
KISCO홀딩스,"11,450",280,2.44,9.62,5.58,5.31,0.24,280,250,180
광동제약,"7,970",80,1.00,13.73,5.57,15.12,0.62,80,80,80
대원화성,"1,750",10,0.57,9.59,5.56,13.67,0.74,0,0,0
KPX홀딩스,"42,200","2,600",6.16,30.93,5.55,6.69,0.35,"2,600","3,850","2,100"
현대비앤지스틸,"7,440",100,1.34,7.00,5.55,6.28,0.34,100,100,100
현대비앤지스틸우,"80,000",150,0.19,7.00,5.55,6.28,0.34,150,150,150
한전기술,"15,700",310,1.98,44.68,5.54,29.03,1.55,140,220,110
롯데케미칼,"176,500","6,700",3.80,32.12,5.51,10.74,0.58,"10,500","10,500","4,000"
삼성출판사,"21,250",100,0.47,20.53,5.49,52.05,2.80,100,150,110
신세계 I&C,"120,000","2,000",1.67,30.71,5.44,17.35,0.88,"1,500","1,000","1,000"
유유제약,"14,000",210,1.50,32.18,5.41,18.43,0.92,200,190,180
유유제약1우,"10,500",220,2.10,32.18,5.41,18.43,0.92,210,200,190
유유제약2우B,"22,850",220,0.96,32.18,5.41,18.43,0.92,210,200,190
롯데푸드,"334,000","12,000",3.59,29.10,5.40,12.46,0.53,"15,000","22,000","6,000"
율촌화학,"15,650",500,3.19,68.09,5.37,19.06,1.02,500,500,500
유진투자증권,"3,260",70,2.15,16.40,5.36,5.37,0.28,60,0,0
아모레퍼시픽,"165,000","1,000",0.61,28.71,5.36,57.80,3.05,"1,180","1,280","1,580"
아모레퍼시픽우,"61,700","1,005",1.63,28.71,5.36,57.80,3.05,"1,185","1,285","1,585"
비상교육,"7,140",250,3.50,27.15,5.36,8.95,0.44,200,350,330
한국프랜지,"2,505",50,2.00,13.41,5.35,5.90,0.31,0,0,50
NPC,"3,445",100,2.90,29.30,5.29,10.92,0.55,95,90,80
NPC우,"2,260",105,4.65,29.30,5.29,10.92,0.55,100,95,85
제이에스코퍼레이션,"7,050",500,7.09,77.40,5.26,20.39,1.01,450,300,250
현대엘리베이,"49,200",600,1.22,50.46,5.22,38.28,1.98,600,333,333
일양약품,"69,200",120,0.17,22.53,5.20,44.11,2.14,0,0,100
일양약품우,"99,000",145,0.15,22.53,5.20,44.11,2.14,0,0,125
현대에이치씨엔,"4,680",60,1.28,17.49,5.19,10.18,0.51,60,50,40
그린케미칼,"3,320",162,4.87,68.31,5.17,14.86,0.75,133,342,133
현대상사,"14,650",600,4.10,46.44,5.07,14.48,0.67,600,600,500
한국공항,"34,400","1,000",2.91,18.80,5.06,8.80,0.43,"1,000",500,500
세이브존I&C,"2,200",30,1.36,5.09,5.04,6.01,0.27,50,50,30
삼성카드,"28,750","1,600",5.57,49.62,5.04,13.00,0.60,"1,600","1,500","1,500"
삼원강재,"2,020",115,5.69,43.96,5.03,11.58,0.57,115,115,125
현대홈쇼핑,"65,000","2,000",3.08,27.20,5.03,11.24,0.54,"1,900","1,700","1,500"
진양홀딩스,"2,435",170,6.98,61.59,4.98,9.65,0.46,150,140,140
미래에셋생명,"2,930",170,5.80,35.20,4.98,7.48,0.28,170,170,55
백산,"5,060",100,1.98,34.68,4.90,31.90,1.50,100,100,90
DSR제강,"4,100",40,0.98,8.52,4.86,9.70,0.46,40,40,40
삼성화재,"185,500","8,500",4.58,56.20,4.85,19.15,0.72,"11,500","10,000","6,100"
삼성화재우,"127,000","8,505",6.70,56.20,4.85,19.15,0.72,"11,505","10,005","6,105"
대신증권,"10,450","1,000",9.57,72.88,4.79,10.95,0.41,620,610,550
대신증권우,"9,130","1,050",11.50,72.88,4.79,10.95,0.41,670,660,600
대신증권2우B,"8,610","1,000",11.61,72.88,4.79,10.95,0.41,620,610,550
동방아그로,"6,370",250,3.92,45.40,4.79,14.53,0.59,250,250,250
삼성물산,"110,000","2,000",1.82,31.42,4.77,19.77,0.74,"2,000","2,000",550
삼성물산우B,"88,200","2,050",2.32,31.42,4.77,19.77,0.74,"2,050","2,050",600
고려산업,"3,960",30,0.76,16.53,4.75,18.71,0.87,30,35,30
동양생명,"2,885",230,7.97,31.11,4.73,5.60,0.24,100,360,200
한국주철관,"9,660",200,2.07,34.21,4.73,12.67,0.56,200,200,200
한미사이언스,"35,400",196,0.55,41.26,4.73,82.35,3.84,192,189,0
LG이노텍,"165,000",300,0.18,6.94,4.73,32.39,1.50,300,250,250
디와이,"3,990",150,3.76,23.20,4.73,9.03,0.40,150,120,140
KTcs,"1,815",80,4.41,45.01,4.72,12.98,0.60,90,80,80
한국테크놀로지그룹,"12,100",350,2.89,21.21,4.71,8.85,0.40,300,300,300
한라홀딩스,"27,400","2,000",7.30,51.01,4.69,11.72,0.54,"2,000","1,350","1,250"
HDC현대EP,"4,150",120,2.89,26.33,4.66,12.13,0.51,60,120,140
현대백화점,"60,500","1,000",1.65,11.50,4.64,10.02,0.44,900,800,700
삼아알미늄,"5,090",110,2.16,24.43,4.62,9.84,0.45,100,55,75
한일시멘트,"80,600","4,700",5.83,48.10,4.62,9.56,0.44,"4,500",-,-
KC그린홀딩스,"4,135",60,1.45,16.25,4.61,13.23,0.59,80,110,100
KT,"24,300","1,100",4.53,43.57,4.61,11.39,0.48,"1,100","1,000",800
한국단자,"35,850",700,1.95,22.86,4.55,13.96,0.63,700,700,700
혜인,"4,785",60,1.25,14.57,4.54,11.83,0.47,30,30,40
일진홀딩스,"4,640",100,2.15,36.49,4.52,19.86,0.81,70,0,30
동원산업,"197,000","2,000",1.01,16.41,4.45,16.74,0.75,"3,000","4,000","3,000"
성신양회,"6,290",150,2.38,21.59,4.43,10.11,0.43,150,0,0
성신양회우,"10,400",200,1.92,21.59,4.43,10.11,0.43,200,0,0
세아제강,"52,000","2,000",3.85,22.83,4.42,6.95,0.30,"1,800",-,-
TCC스틸,"1,905",29,1.53,12.68,4.42,12.40,0.51,78,0,0
NICE,"21,500",230,1.07,29.83,4.39,27.11,1.15,180,130,130
대한화섬,"89,100",410,0.46,2.05,4.36,5.28,0.19,750,825,0
CS홀딩스,"62,300",500,0.80,5.93,4.35,6.98,0.30,500,500,500
동일고무벨트,"8,430",98,1.16,16.13,4.35,9.09,0.39,86,74,72
태광산업,"712,000","1,550",0.22,0.96,4.34,8.67,0.28,"3,000","1,925","1,750"
대웅제약,"106,000",600,0.57,28.14,4.34,72.40,2.73,600,600,600
현대차,"117,500","4,000",3.40,35.35,4.32,11.20,0.45,"4,000","4,000","4,000"
현대차우,"63,500","4,050",6.38,35.35,4.32,11.20,0.45,"4,050","4,050","4,050"
현대차2우B,"67,100","4,100",6.11,35.35,4.32,11.20,0.45,"4,100","4,100","4,100"
현대차3우B,"60,400","4,050",6.70,35.35,4.32,11.20,0.45,"4,050","4,050","4,050"
아이마켓코리아,"8,510",600,7.05,121.70,4.31,23.27,0.93,450,350,450
SK우,"224,500","5,050",2.25,37.35,4.31,25.91,0.83,"5,050","4,050","3,750"
SK,"234,000","5,000",2.14,37.35,4.31,25.91,0.83,"5,000","4,000","3,700"
현대리바트,"20,600",150,0.73,15.50,4.30,14.08,0.59,290,100,80
대성에너지,"4,890",250,5.11,52.75,4.28,11.06,0.47,250,250,250
SK하이닉스,"82,900","1,000",1.21,33.97,4.25,34.03,1.34,"1,500","1,000",600
효성,"66,100","5,000",7.56,98.04,4.25,16.08,0.66,"5,000","5,000","5,000"
SJM,"2,625",125,4.76,28.54,4.23,8.77,0.36,100,130,200
POSCO,"186,500","10,000",5.36,43.66,4.18,11.24,0.43,"10,000","8,000","8,000"
조선내화,"72,900","4,000",5.49,53.38,4.13,14.59,0.49,"4,000","3,500","3,500"
아모레G,"54,800",300,0.55,22.98,4.12,55.21,2.20,310,360,460
아모레G우,"24,450",305,1.25,22.98,4.12,55.21,2.20,315,365,465
아모레G3우(전환),"34,050",834,2.45,22.98,4.12,55.21,2.20,0,0,0
농심홀딩스,"81,400","2,000",2.46,25.36,4.03,9.95,0.40,"2,000","2,000","2,000"
SK텔레콤,"217,000","10,000",4.61,82.04,3.92,21.59,0.76,"10,000","10,000","10,000"
텔코웨어,"12,850",550,4.28,72.25,3.86,30.13,0.67,650,580,500
SKC,"67,600","1,000",1.48,59.32,3.86,32.06,1.16,"1,000",900,750
후성,"8,350",15,0.18,17.15,3.85,93.40,3.56,0,0,0
모나리자,"5,940",50,0.84,75.20,3.75,54.61,2.04,50,100,75
KCTC,"2,430",45,1.85,18.86,3.75,11.56,0.43,45,35,35
남해화학,"7,640",60,0.79,17.94,3.74,25.27,0.90,50,80,45
농심,"370,500","4,000",1.08,32.58,3.72,20.61,0.72,"4,000","4,000","4,000"
기신정기,"3,055",150,4.91,50.42,3.69,9.66,0.35,150,150,150
예스코홀딩스,"35,000","1,750",5.00,37.95,3.61,11.41,0.29,"1,500","1,500","1,500"
영보화학,"3,255",100,3.07,38.08,3.56,13.61,0.47,100,100,100
경보제약,"8,880",100,1.13,45.23,3.54,37.36,1.32,200,250,200
아세아시멘트,"54,400","1,500",2.76,20.95,3.54,10.62,0.37,"1,500","1,494","1,494"
세아특수강,"10,150",900,8.87,69.02,3.47,10.51,0.36,900,750,750
SBS,"16,500",150,0.91,13.47,3.46,19.27,0.63,0,250,0
대원강업,"3,160",115,3.64,44.49,3.39,13.13,0.44,115,115,125
풍산홀딩스,"26,250","1,400",5.33,37.88,3.39,11.09,0.31,"1,700","1,800","1,400"
AK홀딩스,"18,850",750,3.98,34.60,3.38,16.21,0.55,750,650,550
원림,"16,400",250,1.52,16.52,3.33,13.46,0.39,0,250,500
SJM홀딩스,"2,515",175,6.96,48.20,3.32,9.82,0.29,150,200,200
대동전자,"4,235",500,11.81,97.78,3.26,7.36,0.19,0,0,0
삼성생명,"46,750","2,650",5.67,48.69,3.26,15.24,0.38,"2,650","2,000","1,200"
남양유업우,"149,000","1,050",0.70,2.92,3.25,13.33,0.41,"1,050","1,050","1,050"
남양유업우,"149,000","1,050",0.70,2.92,3.25,13.33,0.41,"1,050","1,050","1,050"
대성홀딩스,"13,850",250,1.80,29.88,3.24,9.96,0.32,250,250,250
대한제당,"19,250",675,3.51,42.15,3.22,13.02,0.39,550,550,650
대한제당우,"13,200",700,5.30,42.15,3.22,13.02,0.39,575,575,675
현대그린푸드,"8,060",210,2.61,33.46,3.20,21.13,0.60,210,80,60
금호산업,"6,750",500,7.41,150.62,3.20,35.65,1.08,500,500,300
금호산업우,"36,250",550,1.52,150.62,3.20,35.65,1.08,550,550,350
롯데제과,"109,000","1,300",1.19,21.90,3.19,25.20,0.79,"1,300",280,-
한국내화,"3,405",35,1.03,18.23,3.18,21.58,0.64,35,25,25
CJ제일제당,"380,000","3,500",0.92,36.81,3.16,27.12,0.83,"3,500","3,000","2,500"
CJ제일제당 우,"148,000","3,550",2.40,36.81,3.16,27.12,0.83,"3,550","3,050","2,550"
동화약품,"15,550",120,0.77,35.24,3.14,24.69,0.76,120,150,110
태경비케이,"3,585",100,2.79,67.73,3.08,29.43,0.90,100,100,100
삼양사,"42,450","1,000",2.36,29.66,3.07,15.95,0.46,"1,500","1,250","1,500"
삼양사우,"34,700","1,050",3.03,29.66,3.07,15.95,0.46,"1,550","1,300","1,550"
서원,"3,950",10,0.25,14.96,3.06,43.26,1.28,15,0,10
서울가스,"68,200","1,750",2.57,23.30,3.06,12.10,0.28,"1,750","1,750","1,750"
방림,"1,730",40,2.31,27.71,3.01,14.96,0.41,58,52,38
삼천리,"76,600","3,000",3.92,28.26,2.98,9.06,0.23,"3,000","3,000","2,500"
삼성SDI,"383,500","1,000",0.26,18.78,2.94,46.59,1.28,"1,000","1,000","1,000"
삼성SDI우,"231,000","1,050",0.46,18.78,2.94,46.59,1.28,"1,050","1,050","1,050"
유니온머티리얼,"3,950",50,1.27,90.27,2.83,42.61,1.15,35,50,35
신화실업,"19,850",100,0.50,12.61,2.82,27.05,0.76,100,100,250
강남제비스코,"14,700",500,3.40,22.23,2.80,9.05,0.25,550,550,500
모토닉,"8,370",300,3.58,58.14,2.80,25.72,0.48,300,350,250
대교,"4,070",170,4.18,87.81,2.76,37.64,0.86,210,240,240
대교우B,"2,635",180,6.83,87.81,2.76,37.64,0.86,220,250,250
이마트,"113,000","2,000",1.77,23.06,2.76,15.20,0.39,"2,000","1,750","1,500"
코오롱플라스틱,"4,400",70,1.59,48.95,2.75,31.33,0.86,120,120,100
대창,"1,200",10,0.83,15.21,2.75,25.68,0.59,30,25,0
S&T중공업,"5,130",300,5.85,48.22,2.72,13.20,0.29,195,0,0
이연제약,"15,200",350,2.30,97.36,2.68,45.16,1.20,500,350,269
동아쏘시오홀딩스,"96,200","1,000",1.04,31.06,2.67,33.39,0.89,"1,000","1,000","1,000"
한국철강,"4,420",200,4.53,48.24,2.65,11.41,0.30,200,180,180
화천기공,"30,950","1,250",4.04,36.89,2.55,11.81,0.30,"1,250","1,250","1,250"
DI동일,"70,800","1,473",2.08,21.40,2.55,14.75,0.27,"1,447",474,465
오리온홀딩스,"13,000",650,5.00,47.78,2.54,23.05,0.56,650,600,600
DRB동일,"6,820",100,1.47,21.71,2.54,11.81,0.29,108,95,74
KC코트렐,"6,020",30,0.50,20.20,2.52,46.11,1.18,80,100,40
LG상사,"15,200",300,1.97,40.59,2.48,20.41,0.50,250,250,250
이리츠코크렙,"5,310",175,3.30,167.54,2.48,65.10,1.63,293,196,36
경농,"12,550",220,1.75,86.59,2.47,54.24,1.10,250,295,265
유한양행,"50,800",382,0.75,59.44,2.43,80.44,1.79,365,349,334
유한양행우,"55,900",410,0.73,59.44,2.43,80.44,1.79,410,410,410
상신브레이크,"2,425",100,4.12,47.72,2.40,18.58,0.40,100,170,160
신흥,"9,150",200,2.19,56.03,2.33,44.66,1.03,200,200,200
현대미포조선,"31,050",350,1.13,26.21,2.31,34.54,0.79,700,0,0
경동인베스트,"28,400",500,1.76,12.40,2.26,9.52,0.20,500,500,"1,250"
호전실업,"9,420",250,2.65,72.15,2.26,44.41,0.95,250,150,0
대한제분,"155,500","2,000",1.29,19.36,2.25,14.67,0.32,"2,500","2,000","2,000"
화신,"2,215",50,2.26,24.79,2.24,17.19,0.36,25,50,100
삼성공조,"6,290",60,0.95,10.12,2.21,13.65,0.30,80,100,90
현대중공업지주,"241,000","18,500",7.68,156.15,2.20,31.78,0.62,"18,500",0,-
삼양홀딩스,"62,100","2,000",3.22,50.19,2.18,19.25,0.37,"2,000","2,000","2,000"
삼양홀딩스우,"43,150","2,050",4.75,50.19,2.18,19.25,0.37,"2,050","2,050","2,050"
SIMPAC,"2,420",60,2.48,38.29,2.17,20.31,0.40,60,80,100
문배철강,"2,710",50,1.85,41.30,2.14,22.13,0.45,50,50,50
핸즈코퍼레이션,"6,150",130,2.11,30.69,2.13,21.78,0.45,100,100,178
가온전선,"16,400",600,3.66,43.16,2.12,17.74,0.36,600,600,600
한화,"23,650",700,2.96,72.88,2.09,27.21,0.52,700,600,600
한화우,"46,350",750,1.62,72.88,2.09,27.21,0.52,750,650,650
한화3우B,"11,650",750,6.44,72.88,2.09,27.21,0.52,595,646,680
신한알파리츠,"6,480",148,2.29,152.02,2.09,61.28,1.28,112,0,-
화성산업,"10,100",500,4.95,78.92,2.06,18.90,0.38,930,890,680
일성건설,988,15,1.52,43.66,2.05,36.96,0.75,0,0,20
한신기계,"1,325",15,1.13,29.52,2.01,33.55,0.66,35,65,65
신라교역,"10,100",500,4.95,77.58,2.01,18.46,0.37,500,500,250
일성신약,"77,800",750,0.96,17.12,2.01,32.50,0.36,750,750,750
동성코퍼레이션,"3,725",200,5.37,156.15,2.00,42.10,0.82,200,200,200
우진아이엔에스,"6,780",250,3.69,88.09,1.97,30.13,0.59,400,400,350
LG화학,"516,000","2,000",0.39,49.02,1.84,79.31,1.43,"6,000","6,000","5,000"
LG화학우,"258,000","2,050",0.80,49.02,1.84,79.31,1.43,"6,050","6,050","5,050"
현대위아,"40,600",700,1.72,33.68,1.80,24.73,0.43,600,600,"1,100"
신영증권,"44,200","2,500",5.66,105.12,1.80,36.69,0.34,"2,750","2,750","2,450"
신영증권우,"43,200","2,550",5.90,105.12,1.80,36.69,0.34,"2,800","2,800","2,500"
BGF,"4,360",110,2.52,39.18,1.79,19.91,0.36,35,200,800
삼영전자,"7,490",250,3.34,58.45,1.77,21.09,0.37,250,250,200
삼익THK,"10,250",150,1.46,95.09,1.74,74.60,1.27,300,400,330
태원물산,"3,485",85,2.44,115.72,1.67,56.86,0.92,70,80,100
신도리코,"24,100","1,000",4.15,67.87,1.66,25.67,0.42,"1,600","1,650","1,500"
무림P&P,"3,000",175,5.83,108.01,1.64,26.08,0.43,250,150,125
롯데리츠,"5,230",96,1.84,156.76,1.64,71.28,1.23,-,-,-
부국철강,"5,930",75,1.26,81.59,1.64,56.89,0.93,75,75,75
코오롱인더,"35,300",900,2.55,82.84,1.58,45.55,0.73,900,"1,100","1,100"
코오롱인더우,"19,550",950,4.86,82.84,1.58,45.55,0.73,950,"1,150","1,150"
세아홀딩스,"71,800","2,250",3.13,29.19,1.58,10.20,0.16,"2,500","2,000","1,750"
광전자,"1,845",50,2.71,74.21,1.56,36.08,0.50,50,50,0
세종공업,"7,570",50,0.66,19.48,1.52,18.73,0.27,50,100,200
세진중공업,"5,640",20,0.35,32.36,1.52,74.33,1.12,20,30,100
SK케미칼,"164,000",450,0.27,56.68,1.51,79.34,1.18,400,0,-
SK케미칼우,"70,600",500,0.71,56.68,1.51,79.34,1.18,450,0,-
보락,"1,855",5,0.27,46.18,1.48,188.42,2.78,5,7,14
대동공업,"6,700",60,0.90,39.99,1.46,43.33,0.55,50,60,40
한일홀딩스,"44,500","2,300",5.17,99.83,1.38,19.06,0.26,"2,200","1,800","1,600"
신세계푸드,"54,600",750,1.37,66.72,1.38,62.54,0.86,750,750,600
대림B&Co,"5,200",130,2.50,97.46,1.37,31.62,0.43,150,150,130
유화증권,"2,155",120,5.57,120.82,1.36,-,0.33,150,120,170
유화증권우,"2,320",130,5.60,120.82,1.36,-,0.33,160,130,180
삼화페인트,"4,895",125,2.55,74.95,1.34,35.99,0.41,125,175,300
삼일제약,"18,950",150,0.79,116.87,1.33,174.02,2.06,100,144,144
천일고속,"60,000","5,000",8.33,648.34,1.28,138.47,1.96,"6,000","15,300","8,000"
풍산,"22,550",400,1.77,63.60,1.28,37.86,0.48,600,800,700
LG하우시스우,"29,200",300,1.03,22.02,1.26,47.30,0.60,300,"1,850","1,850"
LG하우시스,"63,800",250,0.39,22.02,1.26,47.30,0.60,250,"1,800","1,800"
노루홀딩스,"9,380",400,4.26,91.14,1.25,36.82,0.36,450,450,450
노루홀딩스우,"17,300",405,2.34,91.14,1.25,36.82,0.36,455,455,455
신영와코루,"92,100","1,500",1.63,35.40,1.24,23.60,0.29,"1,500","1,500","2,500"
포스코강판,"13,050",400,3.07,89.59,1.23,38.30,0.47,500,750,"1,000"
지엠비코리아,"5,290",30,0.57,20.92,1.22,34.27,0.41,30,100,150
현대약품,"6,000",45,0.75,104.86,1.19,142.28,1.59,45,49,46
동일산업,"65,600",750,1.14,43.31,1.06,37.44,0.35,"1,500","1,700","1,200"
S-Oil,"63,300",200,0.32,35.73,1.01,169.84,1.71,750,"5,900","6,200"
S-Oil우,"35,000",225,0.64,35.73,1.01,169.84,1.71,775,"5,925","6,225"
일신방직,"64,000","1,500",2.34,48.46,1.00,24.35,0.23,"2,000","1,500","2,800"
대림씨엔에스,"6,710",38,0.57,18.03,0.97,36.16,0.35,0,70,600
풀무원,"18,950",102,0.54,108.79,0.95,135.73,1.17,102,115,102
세아베스틸,"10,450",300,2.87,62.06,0.93,31.78,0.29,850,900,800
WISCOM,"2,260",50,2.21,71.22,0.92,37.89,0.35,0,0,98
동일제강,"1,945",10,0.51,13.43,0.85,33.37,0.29,0,10,20
LS,"38,250","1,450",3.79,158.94,0.80,60.76,0.42,"1,250","1,250","1,250"
고려제강,"15,700",350,2.23,70.11,0.73,41.18,0.30,350,315,315
세방,"10,800",175,1.62,72.68,0.68,47.94,0.32,175,175,175
세방우,"6,120",180,2.94,72.68,0.68,47.94,0.32,180,180,180
영흥,"1,180",30,2.54,151.86,0.64,92.09,0.37,10,10,30
한화생명,"1,485",30,2.02,22.45,0.51,19.98,0.14,100,140,80
한국가스공사,"26,100",380,1.46,85.91,0.48,90.14,0.42,"1,360",0,0
디아이,"4,310",50,1.16,221.43,0.48,169.79,0.75,50,100,50
만호제강,"14,550",200,1.38,58.10,0.46,75.47,0.26,150,150,150
경인전자,"18,450",250,1.36,136.84,0.44,133.14,0.50,250,250,250
이건산업,"7,740",200,2.58,274.15,0.44,104.16,0.45,200,250,150
녹십자홀딩스,"24,200",325,1.34,498.97,0.37,372.73,1.24,250,300,300
녹십자홀딩스2우,"67,700",325,0.48,498.97,0.37,372.73,1.24,250,300,300
S&T모티브,"42,650","1,400",3.28,799.30,0.33,258.23,0.80,"1,200","1,000","1,000"
덕성,"4,755",20,0.42,171.27,0.29,269.69,0.72,20,20,45
덕성우,"11,500",25,0.22,171.27,0.29,269.69,0.72,25,25,50
LG전자,"75,700",750,0.99,434.42,0.22,416.75,0.91,750,400,400
LG전자우,"28,250",800,2.83,434.42,0.22,416.75,0.91,800,450,450
수산중공업,"1,725",10,0.58,353.95,0.15,939.72,1.30,0,0,10
코스맥스비티아이,"25,750",250,0.97,598.87,0.14,323.72,0.44,140,100,200
현대제철,"23,900",750,3.14,575.59,0.10,245.36,0.24,750,750,750
계양전기,"2,740",35,1.28,926.59,0.07,754.05,0.53,60,55,65
계양전기우,"7,730",40,0.52,926.59,0.07,754.05,0.53,65,60,70
하이스틸,"17,100",100,0.58,633.89,0.02,"1,214.37",0.30,0,350,150
동양,"1,180",40,3.39,"-2,094.47",-0.05,-882.76,0.35,50,50,50
동양우,"6,020",90,1.50,"-2,094.47",-0.05,-882.76,0.35,100,100,100
동양2우B,"11,150",150,1.35,"-2,094.47",-0.05,-882.76,0.35,150,150,150
동양3우B,"26,400",150,0.57,"-2,094.47",-0.05,-882.76,0.35,150,150,150
한세실업,"11,300",500,4.43,"-7,871.26",-0.06,"-2,776.24",1.71,450,450,330
휴비스,"6,540",150,2.29,"-1,753.18",-0.07,-746.17,0.51,300,300,300
삼광글라스,"28,750","1,000",3.48,"-2,251.87",-0.07,-745.42,0.54,750,350,750
SK이노베이션,"124,500","3,000",2.41,-740.62,-0.20,-393.31,0.76,"8,000","8,000","6,400"
SK이노베이션우,"89,400","3,050",3.41,-740.62,-0.20,-393.31,0.76,"8,050","8,050","6,450"
세아제강지주,"35,950","1,500",4.17,-197.27,-0.32,-63.90,0.20,"1,800","1,800","1,750"
한진,"50,700",500,0.99,-191.61,-0.34,-114.96,0.39,500,400,400
녹십자,"187,000","1,000",0.54,-313.76,-0.34,-425.69,1.44,"1,000","1,250","1,250"
MH에탄올,"7,030",350,4.98,-433.82,-0.88,-86.28,0.70,350,350,300
잇츠한불,"22,550",100,0.44,-37.33,-1.11,-89.69,0.83,150,600,701
조광페인트,"5,800",200,3.45,-90.79,-1.33,-30.44,0.33,100,250,400
엔에스쇼핑,"12,650",150,1.19,-65.03,-1.76,-41.73,0.74,150,200,200
성보화학,"4,425",135,3.05,-93.38,-1.91,-31.13,0.60,210,572,440
부광약품,"34,750",191,0.55,-164.46,-2.00,-129.06,2.82,147,134,280
세원정공,"8,090",25,0.31,-2.99,-2.02,-10.18,0.21,100,100,100
무림페이퍼,"2,040",50,2.45,-21.64,-2.17,-10.76,0.24,50,25,0
모나미,"5,390",70,1.30,-76.03,-2.39,-39.86,0.95,70,70,70
이수화학,"9,350",362,3.87,-79.05,-2.40,-22.05,0.51,362,453,453
선도전기,"2,560",25,0.98,-20.85,-2.52,-25.50,0.63,20,20,20
남성,"2,980",25,0.84,-19.32,-2.52,-53.42,1.11,25,25,25
코오롱,"18,700",500,2.67,-40.51,-2.60,-14.11,0.40,500,500,500
코오롱우,"11,600",550,4.74,-40.51,-2.60,-14.11,0.40,550,550,550
진도,"2,620",100,3.82,-45.64,-2.67,-16.91,0.46,150,270,200
팜스코,"6,700",50,0.75,-21.15,-2.76,-20.41,0.55,50,100,100
한국화장품제조,"43,250",100,0.23,-24.36,-3.03,-94.56,2.34,100,100,100
휴스틸,"6,970",300,4.30,-18.23,-3.13,-6.06,0.19,400,500,500
사조산업,"33,300",150,0.45,-5.80,-3.13,-14.59,0.46,250,200,150
HDC아이콘트롤스,"8,150",350,4.29,-97.70,-3.13,-30.43,1.06,350,250,150
금강공업,"3,580",80,2.23,-20.11,-3.23,-10.59,0.32,100,100,100
금강공업우,"11,050",90,0.81,-20.11,-3.23,-10.59,0.32,110,110,110
이구산업,"1,575",30,1.90,-29.86,-3.26,-17.72,0.59,0,80,50
한국종합기술,"4,000",100,2.50,-30.79,-3.61,-12.09,0.45,100,100,100
E1,"35,200","2,200",6.25,-29.47,-3.63,-7.68,0.29,"2,000","2,000","2,000"
새론오토모티브,"3,595",140,3.89,-32.31,-3.82,-11.65,0.46,150,150,190
하이트진로,"42,300",700,1.65,-115.48,-3.86,-48.80,1.96,800,800,900
하이트진로2우B,"21,650",750,3.46,-115.48,-3.86,-48.80,1.96,850,850,950
한화솔루션,"23,900",200,0.84,-13.71,-4.02,-12.93,0.54,200,350,350
한화솔루션우,"23,200",250,1.08,-13.71,-4.02,-12.93,0.54,250,400,400
하나투어,"38,100","1,000",2.62,-137.86,-4.22,-73.95,3.13,"1,300","1,500","1,500"
KCC,"141,000","5,500",3.90,-24.30,-4.37,-11.08,0.52,"9,000","9,000","9,000"
인지컨트롤스,"5,660",100,1.77,-17.56,-4.47,-9.07,0.40,100,150,100
하이트진로홀딩스,"21,350",350,1.64,-35.86,-4.65,-14.62,0.66,200,150,200
하이트진로홀딩스우,"16,950",400,2.36,-35.86,-4.65,-14.62,0.66,250,200,250
롯데하이마트,"32,050","1,000",3.12,-23.63,-5.02,-7.30,0.38,"1,700","1,850",500
일동제약,"14,650",0,0.00,0.00,-5.08,-28.30,1.50,363,330,225
롯데지주,"31,300","1,100",3.51,-21.89,-5.21,-11.47,0.42,800,0,452
롯데지주우,"64,000","1,150",1.80,-21.89,-5.21,-11.47,0.42,850,0,0
한국석유,"95,800","1,500",1.57,-12.35,-5.29,-8.93,0.47,"1,500","2,000","1,500"
아시아나IDT,"15,200",500,3.29,-68.93,-5.44,-29.36,1.67,500,500,0
카카오,"325,000",127,0.04,-3.46,-5.81,-42.82,2.41,127,148,148
SK네트웍스,"5,130",120,2.34,-21.96,-5.85,-11.21,0.66,120,120,100
SK네트웍스우,"170,000",145,0.09,-21.96,-5.85,-11.21,0.66,145,145,125
제일약품,"42,650",70,0.16,-9.67,-5.96,-50.29,3.11,60,50,-
인팩,"4,765",120,2.52,-19.45,-6.29,-6.03,0.40,130,130,150
성문전자우,"10,850",5,0.05,-0.16,-6.57,-23.30,1.49,5,5,5
대구백화점,"4,725",100,2.12,-3.89,-6.93,-3.26,0.17,150,200,250
서연이화,"3,680",100,2.72,-5.81,-7.35,-2.87,0.22,100,150,150
크라운해태홀딩스,"8,320",100,1.20,-7.32,-7.49,-7.75,0.60,100,100,200
크라운해태홀딩스우,"12,300",105,0.85,-7.32,-7.49,-7.75,0.60,105,105,205
롯데쇼핑,"80,600","3,800",4.72,-11.81,-8.14,-4.21,0.36,"5,200","5,200","2,000"
LG헬로비전,"3,960",75,1.89,-6.16,-9.40,-4.97,0.49,75,75,75
JW중외제약,"34,000",316,0.93,-27.51,-10.31,-26.14,2.83,310,257,229
JW중외제약우,"59,100",348,0.59,-27.51,-10.31,-26.14,2.83,347,297,271
JW중외제약2우B,"59,000",323,0.55,-27.51,-10.31,-26.14,2.83,322,272,247
우진,"3,635",100,2.75,-17.02,-10.49,-6.77,0.74,0,0,220
평화홀딩스,"3,110",150,4.82,-15.08,-11.10,-3.82,0.43,150,150,150
롯데칠성,"100,500","2,700",2.69,-15.57,-11.68,-8.62,0.95,"2,700","3,300","1,000"
롯데칠성우,"58,000","2,705",4.66,-15.57,-11.68,-8.62,0.95,"2,705","3,305","1,005"
대림통상,"4,370",140,3.20,-18.30,-11.78,-5.39,0.69,150,150,150
해태제과식품,"8,190",150,1.83,-11.46,-13.11,-6.02,0.78,150,150,150
서연,"7,120",50,0.70,-1.81,-13.31,-1.14,0.15,50,100,150
일동홀딩스,"8,730",95,1.09,-4.79,-14.91,-5.44,0.87,182,182,136
유니온,"5,670",100,1.76,-9.25,-14.93,-3.96,0.59,100,200,70
한진칼,"97,000",255,0.26,-6.27,-17.56,-9.83,1.92,300,125,0
한진칼우,"53,600",280,0.52,-6.27,-17.56,-9.83,1.92,325,150,0
JW홀딩스,"5,050",87,1.73,-17.33,-20.18,-12.62,2.82,81,70,70
제일파마홀딩스,"19,250",70,0.36,-1.19,-20.52,-3.00,0.66,70,60,70
태양금속,"1,115",5,0.45,-0.97,-26.30,-2.58,0.80,5,5,20
태양금속우,"3,365",10,0.30,-0.97,-26.30,-2.58,0.80,10,10,25
신송홀딩스,"3,770",80,2.12,-2.75,-32.05,-1.37,0.52,0,0,80
웅진씽크빅,"2,520",310,12.32,-29.05,-35.62,-2.38,0.83,0,122,0
이수페타시스,"4,525",60,1.33,-2.62,-71.84,-1.85,2.14,70,70,100
백광산업,"3,900",75,1.92,20.10,-,6.89,0.63,50,25,0
미창석유,"57,100","2,000",3.50,17.28,-,7.79,0.47,"1,600","1,700","2,200"
삼화왕관,"43,250","1,350",3.12,29.69,-,11.75,0.58,"1,350","1,400","1,350"
영풍제지,"3,455",40,1.16,7.74,-,7.45,0.47,40,40,45
진양폴리,"3,020",100,3.31,13.24,-,5.16,1.47,0,0,0
환인제약,"14,350",300,2.09,24.50,-,15.37,0.86,300,300,250
종근당바이오,"38,950",191,0.49,8.36,-,13.20,1.00,191,381,381
LIG넥스원,"31,200",600,1.92,414.40,-,218.25,1.10,500,500,940
맥쿼리인프라,"11,400",700,6.14,-,-,-,-,622,250,400
맵스리얼티1,"4,000",247,6.18,-,-,-,-,212,226,214
베트남개발1,289,90,31.00,-,-,-,-,4,199,90
S&TC,"15,350",800,5.21,37.24,-,9.62,0.58,0,0,0
한국ANKOR유전,"1,700",185,10.88,-,-,-,-,215,265,295
한국패러랠,"2,000",165,8.25,-,-,-,-,200,205,80
미원에스씨,"79,300","1,700",2.14,22.63,-,9.57,1.51,"1,200",500,-
동아타이어,"11,100",500,4.51,27.79,-,6.86,0.48,300,0,-
우리금융지주,"8,820",700,7.94,27.00,-,4.18,0.39,-,-,-
